{
    "male": {
        "0": {
            "L": 1.0,
            "M": 34.4618,
            "S": 0.03686
        },
        "1": {
            "L": 1.0,
            "M": 37.2759,
            "S": 0.03133
        },
        "2": {
            "L": 1.0,
            "M": 39.1285,
            "S": 0.02997
        },
        "3": {
            "L": 1.0,
            "M": 40.5135,
            "S": 0.02918
        },
        "4": {
            "L": 1.0,
            "M": 41.6317,
            "S": 0.02868
        },
        "5": {
            "L": 1.0,
            "M": 42.5576,
            "S": 0.02837
        },
        "6": {
            "L": 1.0,
            "M": 43.3306,
            "S": 0.02817
        },
        "7": {
            "L": 1.0,
            "M": 43.9803,
            "S": 0.02804
        },
        "8": {
            "L": 1.0,
            "M": 44.53,
            "S": 0.02796
        },
        "9": {
            "L": 1.0,
            "M": 44.9998,
            "S": 0.02792
        },
        "10": {
            "L": 1.0,
            "M": 45.4051,
            "S": 0.0279
        },
        "11": {
            "L": 1.0,
            "M": 45.7573,
            "S": 0.02789
        },
        "12": {
            "L": 1.0,
            "M": 46.0661,
            "S": 0.02789
        },
        "13": {
            "L": 1.0,
            "M": 46.3395,
            "S": 0.02789
        },
        "14": {
            "L": 1.0,
            "M": 46.5844,
            "S": 0.02791
        },
        "15": {
            "L": 1.0,
            "M": 46.806,
            "S": 0.02792
        },
        "16": {
            "L": 1.0,
            "M": 47.0088,
            "S": 0.02795
        },
        "17": {
            "L": 1.0,
            "M": 47.1962,
            "S": 0.02797
        },
        "18": {
            "L": 1.0,
            "M": 47.3711,
            "S": 0.028
        },
        "19": {
            "L": 1.0,
            "M": 47.5357,
            "S": 0.02803
        },
        "20": {
            "L": 1.0,
            "M": 47.6919,
            "S": 0.02806
        },
        "21": {
            "L": 1.0,
            "M": 47.8408,
            "S": 0.0281
        },
        "22": {
            "L": 1.0,
            "M": 47.9833,
            "S": 0.02813
        },
        "23": {
            "L": 1.0,
            "M": 48.1201,
            "S": 0.02817
        },
        "24": {
            "L": 1.0,
            "M": 48.2515,
            "S": 0.02821
        }
    },
    "female": {
        "0": {
            "L": 1.0,
            "M": 33.8787,
            "S": 0.03496
        },
        "1": {
            "L": 1.0,
            "M": 36.5463,
            "S": 0.0321
        },
        "2": {
            "L": 1.0,
            "M": 38.2521,
            "S": 0.03168
        },
        "3": {
            "L": 1.0,
            "M": 39.5328,
            "S": 0.0314
        },
        "4": {
            "L": 1.0,
            "M": 40.5817,
            "S": 0.03119
        },
        "5": {
            "L": 1.0,
            "M": 41.459,
            "S": 0.03102
        },
        "6": {
            "L": 1.0,
            "M": 42.1995,
            "S": 0.03087
        },
        "7": {
            "L": 1.0,
            "M": 42.829,
            "S": 0.03075
        },
        "8": {
            "L": 1.0,
            "M": 43.3671,
            "S": 0.03063
        },
        "9": {
            "L": 1.0,
            "M": 43.83,
            "S": 0.03053
        },
        "10": {
            "L": 1.0,
            "M": 44.2319,
            "S": 0.03044
        },
        "11": {
            "L": 1.0,
            "M": 44.5844,
            "S": 0.03035
        },
        "12": {
            "L": 1.0,
            "M": 44.8965,
            "S": 0.03027
        },
        "13": {
            "L": 1.0,
            "M": 45.1752,
            "S": 0.03019
        },
        "14": {
            "L": 1.0,
            "M": 45.4265,
            "S": 0.03012
        },
        "15": {
            "L": 1.0,
            "M": 45.6551,
            "S": 0.03006
        },
        "16": {
            "L": 1.0,
            "M": 45.865,
            "S": 0.02999
        },
        "17": {
            "L": 1.0,
            "M": 46.0598,
            "S": 0.02993
        },
        "18": {
            "L": 1.0,
            "M": 46.2424,
            "S": 0.02987
        },
        "19": {
            "L": 1.0,
            "M": 46.4152,
            "S": 0.02982
        },
        "20": {
            "L": 1.0,
            "M": 46.5801,
            "S": 0.02977
        },
        "21": {
            "L": 1.0,
            "M": 46.7384,
            "S": 0.02972
        },
        "22": {
            "L": 1.0,
            "M": 46.8913,
            "S": 0.02967
        },
        "23": {
            "L": 1.0,
            "M": 47.0391,
            "S": 0.02962
        },
        "24": {
            "L": 1.0,
            "M": 47.1822,
            "S": 0.02957
        }
    }
}