{
  "male": {
    "0": {
      "L": 1.0,
      "M": 49.8842,
      "S": 0.03795
    },
    "1": {
      "L": 1.0,
      "M": 54.7244,
      "S": 0.03557
    },
    "2": {
      "L": 1.0,
      "M": 58.4249,
      "S": 0.03424
    },
    "3": {
      "L": 1.0,
      "M": 61.4292,
      "S": 0.03328
    },
    "4": {
      "L": 1.0,
      "M": 63.886,
      "S": 0.03257
    },
    "5": {
      "L": 1.0,
      "M": 65.9026,
      "S": 0.03204
    },
    "6": {
      "L": 1.0,
      "M": 67.6236,
      "S": 0.03165
    },
    "7": {
      "L": 1.0,
      "M": 69.1645,
      "S": 0.03139
    },
    "8": {
      "L": 1.0,
      "M": 70.5994,
      "S": 0.03124
    },
    "9": {
      "L": 1.0,
      "M": 71.9687,
      "S": 0.03117
    },
    "10": {
      "L": 1.0,
      "M": 73.2812,
      "S": 0.03118
    },
    "11": {
      "L": 1.0,
      "M": 74.5388,
      "S": 0.03125
    },
    "12": {
      "L": 1.0,
      "M": 75.7488,
      "S": 0.03137
    },
    "13": {
      "L": 1.0,
      "M": 76.9186,
      "S": 0.03154
    },
    "14": {
      "L": 1.0,
      "M": 78.0497,
      "S": 0.03174
    },
    "15": {
      "L": 1.0,
      "M": 79.1458,
      "S": 0.03197
    },
    "16": {
      "L": 1.0,
      "M": 80.2113,
      "S": 0.03222
    },
    "17": {
      "L": 1.0,
      "M": 81.2487,
      "S": 0.0325
    },
    "18": {
      "L": 1.0,
      "M": 82.2587,
      "S": 0.03279
    },
    "19": {
      "L": 1.0,
      "M": 83.2418,
      "S": 0.0331
    },
    "20": {
      "L": 1.0,
      "M": 84.1996,
      "S": 0.03342
    },
    "21": {
      "L": 1.0,
      "M": 85.1348,
      "S": 0.03376
    },
    "22": {
      "L": 1.0,
      "M": 86.0477,
      "S": 0.0341
    },
    "23": {
      "L": 1.0,
      "M": 86.941,
      "S": 0.03445
    },
    "24": {
      "L": 1.0,
      "M": 87.8161,
      "S": 0.03479
    }
  },
  "female": {
    "0": {
      "L": 1.0,
      "M": 49.1477,
      "S": 0.0379
    },
    "1": {
      "L": 1.0,
      "M": 53.6872,
      "S": 0.0364
    },
    "2": {
      "L": 1.0,
      "M": 57.0673,
      "S": 0.03568
    },
    "3": {
      "L": 1.0,
      "M": 59.8029,
      "S": 0.0352
    },
    "4": {
      "L": 1.0,
      "M": 62.0899,
      "S": 0.03486
    },
    "5": {
      "L": 1.0,
      "M": 64.0301,
      "S": 0.03463
    },
    "6": {
      "L": 1.0,
      "M": 65.7311,
      "S": 0.03448
    },
    "7": {
      "L": 1.0,
      "M": 67.2873,
      "S": 0.03441
    },
    "8": {
      "L": 1.0,
      "M": 68.7498,
      "S": 0.0344
    },
    "9": {
      "L": 1.0,
      "M": 70.1435,
      "S": 0.03444
    },
    "10": {
      "L": 1.0,
      "M": 71.4818,
      "S": 0.03452
    },
    "11": {
      "L": 1.0,
      "M": 72.771,
      "S": 0.03464
    },
    "12": {
      "L": 1.0,
      "M": 74.015,
      "S": 0.03479
    },
    "13": {
      "L": 1.0,
      "M": 75.2176,
      "S": 0.03496
    },
    "14": {
      "L": 1.0,
      "M": 76.3817,
      "S": 0.03514
    },
    "15": {
      "L": 1.0,
      "M": 77.5099,
      "S": 0.03534
    },
    "16": {
      "L": 1.0,
      "M": 78.6055,
      "S": 0.03555
    },
    "17": {
      "L": 1.0,
      "M": 79.671,
      "S": 0.03576
    },
    "18": {
      "L": 1.0,
      "M": 80.7079,
      "S": 0.03598
    },
    "19": {
      "L": 1.0,
      "M": 81.7182,
      "S": 0.0362
    },
    "20": {
      "L": 1.0,
      "M": 82.7036,
      "S": 0.03643
    },
    "21": {
      "L": 1.0,
      "M": 83.6654,
      "S": 0.03666
    },
    "22": {
      "L": 1.0,
      "M": 84.604,
      "S": 0.03688
    },
    "23": {
      "L": 1.0,
      "M": 85.5202,
      "S": 0.03711
    },
    "24": {
      "L": 1.0,
      "M": 86.4153,
      "S": 0.03734
    }
  }
}