{
  "male": {
    "0": {
      "L": 0.3487,
      "M": 3.3464,
      "S": 0.14602
    },
    "1": {
      "L": 0.2297,
      "M": 4.4709,
      "S": 0.13395
    },
    "2": {
      "L": 0.197,
      "M": 5.5675,
      "S": 0.12385
    },
    "3": {
      "L": 0.1738,
      "M": 6.3762,
      "S": 0.11727
    },
    "4": {
      "L": 0.1553,
      "M": 7.0023,
      "S": 0.11316
    },
    "5": {
      "L": 0.1395,
      "M": 7.5105,
      "S": 0.1108
    },
    "6": {
      "L": 0.1257,
      "M": 7.934,
      "S": 0.10958
    },
    "7": {
      "L": 0.1134,
      "M": 8.297,
      "S": 0.10902
    },
    "8": {
      "L": 0.1021,
      "M": 8.6151,
      "S": 0.10882
    },
    "9": {
      "L": 0.0917,
      "M": 8.9014,
      "S": 0.10881
    },
    "10": {
      "L": 0.0829,
      "M": 9.1649,
      "S": 0.10891
    },
    "11": {
      "L": 0.0739,
      "M": 9.4122,
      "S": 0.10906
    },
    "12": {
      "L": 0.0644,
      "M": 9.6479,
      "S": 0.10925
    },
    "13": {
      "L": 0.0563,
      "M": 9.8749,
      "S": 0.10949
    },
    "14": {
      "L": 0.0487,
      "M": 10.0953,
      "S": 0.10976
    },
    "15": {
      "L": 0.0413,
      "M": 10.3108,
      "S": 0.11007
    },
    "16": {
      "L": 0.0343,
      "M": 10.5228,
      "S": 0.11041
    },
    "17": {
      "L": 0.0275,
      "M": 10.7319,
      "S": 0.11079
    },
    "18": {
      "L": 0.0211,
      "M": 10.9385,
      "S": 0.11119
    },
    "19": {
      "L": 0.0148,
      "M": 11.143,
      "S": 0.11164
    },
    "20": {
      "L": 0.0087,
      "M": 11.3462,
      "S": 0.11211
    },
    "21": {
      "L": 0.0029,
      "M": 11.5486,
      "S": 0.11261
    },
    "22": {
      "L": -0.0028,
      "M": 11.7504,
      "S": 0.11314
    },
    "23": {
      "L": -0.0083,
      "M": 11.9514,
      "S": 0.11369
    },
    "24": {
      "L": -0.0137,
      "M": 12.1515,
      "S": 0.11426
    }
  },
  "female": {
    "0": {
      "L": 0.3809,
      "M": 3.2322,
      "S": 0.14171
    },
    "1": {
      "L": 0.1714,
      "M": 4.1873,
      "S": 0.13724
    },
    "2": {
      "L": 0.0962,
      "M": 5.1282,
      "S": 0.1323
    },
    "3": {
      "L": 0.0402,
      "M": 5.8458,
      "S": 0.12619
    },
    "4": {
      "L": -0.0056,
      "M": 6.4237,
      "S": 0.12402
    },
    "5": {
      "L": -0.0436,
      "M": 6.8985,
      "S": 0.12274
    },
    "6": {
      "L": -0.0756,
      "M": 7.297,
      "S": 0.12204
    },
    "7": {
      "L": -0.1039,
      "M": 7.6422,
      "S": 0.12178
    },
    "8": {
      "L": -0.1288,
      "M": 7.9487,
      "S": 0.12181
    },
    "9": {
      "L": -0.1507,
      "M": 8.2254,
      "S": 0.12199
    },
    "10": {
      "L": -0.178,
      "M": 8.48,
      "S": 0.12223
    },
    "11": {
      "L": -0.1872,
      "M": 8.7192,
      "S": 0.12247
    },
    "12": {
      "L": -0.2024,
      "M": 8.9481,
      "S": 0.12268
    },
    "13": {
      "L": -0.2158,
      "M": 9.1699,
      "S": 0.12283
    },
    "14": {
      "L": -0.2278,
      "M": 9.387,
      "S": 0.12294
    },
    "15": {
      "L": -0.2384,
      "M": 9.6008,
      "S": 0.12299
    },
    "16": {
      "L": -0.2478,
      "M": 9.8124,
      "S": 0.12303
    },
    "17": {
      "L": -0.2562,
      "M": 10.0226,
      "S": 0.12306
    },
    "18": {
      "L": -0.2637,
      "M": 10.2315,
      "S": 0.12309
    },
    "19": {
      "L": -0.2703,
      "M": 10.4393,
      "S": 0.12315
    },
    "20": {
      "L": -0.2762,
      "M": 10.6464,
      "S": 0.12323
    },
    "21": {
      "L": -0.2815,
      "M": 10.8534,
      "S": 0.12335
    },
    "22": {
      "L": -0.2862,
      "M": 11.0608,
      "S": 0.12352
    },
    "23": {
      "L": -0.2903,
      "M": 11.2688,
      "S": 0.12369
    },
    "24": {
      "L": -0.2941,
      "M": 11.4775,
      "S": 0.1239
    }
  }
}